review_id,review_text,source_star,source_split,location_sentiment,service_sentiment,price_sentiment,environment_sentiment,food_sentiment,aspect_summary,selection_role
7688,位置：这里的位置非常好找，就在铁三附近，就可以看到诚胜和的红色巨大招牌。服务：这里的服务我不得不说真的是很不好，也许是因为这里在学校旁边，服务起来有一种暴力模式，因为今天是第一次去不太清楚点饭模式，但是服务人员就很凶，本来点的是8块钱的三鲜馄饨，付钱的时候要了12，我说我要的是三鲜馄饨，她说汤是三鲜的，馄饨是大肉的，这种狡辩让我很不开心。环境：这里的环境还算干净整洁，店面相对也比较大，整体比较规规矩矩和大多数店差不多的。口味：这家上饭速度很不错，挺快的，饺子里的馅也挺多的挺实在的，中午学生在这里挺实惠的。总之这家是一家不错的店，就是服务态度需要改善。,3.0,train,positive,mixed,positive,positive,positive,location:positive; service:mixed; price:positive; environment:positive; food:positive,main_example
13222,和家人经常来的一家餐厅，菜和服务一如既往的好，价格很亲民。主要是他们家的优惠活动特别的多。周一刷工商信用卡可以打7.8折。更让我们感动的是老年人周二可以打6.6折，所以周二都会带上爷爷奶奶。感觉特别的划得来很超值。他们门口的熟食便民外卖有老年卡可以给打8折，味道真心不错。每次都是让老人家去买。但由个小建议可不可以年轻人拿卡就可以8折。不让天气冷了。不想让老人家往外跑了。周三的会员日整的非常好。打7折。我必需在优惠的日子去。省钱一族。\\n,5.0,test,,positive,positive,,positive,service:positive; price:positive; food:positive,positive_demo
2828,东西超贵，很普通的七个菜加一个例牌汤买单357元。就拿小炒肉来说吧，里面只有几片肉，其他的都是萝卜干和青辣椒了，唯一觉得好吃的只有鱼香茄子煲，其他六个菜真的不怎么滴，而且有些菜端来就凉了，特别是芋头扣肉与菜单上的图片真的是天壤之别。再看看收银小票，我点的菜都给我上的大份，我有点的大份吗??这就是商家要求顾客要事先说明用代金劵的目的吧！！！无心优惠搞什么代金劵呢?我们不会再光顾，也会告知身边的朋友。,1.0,train,,,negative,,negative,price:negative; food:negative,negative_demo
39662,这次去崇明旅游，看了点评说陆港小镇和一只菜比较不错，第一天中午就去吃了陆港小镇，感觉味道还是蛮好的，就是感觉价格有点贵，后来打车听师傅说他们当地人去吃小牛饭店和陈记家常菜的比较多，佳诚饭店也不错，结果一看小牛饭店和陈记家常菜的卫生状况都不怎么样，佳诚饭店看起来还挺不错的，进去也有有价目的菜单，后来就在这里吃了，感觉虽然有点小贵，不过味道和还是蛮不错的，下次有机会再到崇明来去吃吃看一只菜的味道怎么样。,5.0,train,,,negative,,positive,price:negative; food:positive,mixed_demo
24593,文庙附近吃象山海鲜的小饭店，价格亲民，环境一般，油烟味重。菜的量很实在，点了很多推荐菜，龙头烤炸的外表金黄，火候控制的很好，外催里嫩，蘸醋吃很开胃，不会觉得油腻。葱油蛏子可能是季节原因，肉质不算肥美，不过葱油很香，而且处理的比较干净，没有泥沙，就是实在太油，不敢多吃。心太软非常喜欢，满满一大团糯米，都扑出来了，QQ糯糯的，红枣也很甜，好吃，一盘几乎被我一个人吃掉了。年糕类的菜也不错，荠菜年糕、毛蟹年糕都喜欢，只要是糯米的，我都没有抵抗力。洋葱炒大肠和酸汤肥牛一般，大肠不够肥大，肥牛比较柴，而且偏咸了。总的来说，性价比很高，适合家人聚餐。,4.0,dev,,,positive,negative,positive,price:positive; environment:negative; food:positive,environment_demo
37544,"这个店在短短的十天内已经来吃第三次了，之前去过江西路的店，当时感觉一般。但是自从办事路过偶尔来吃一次之后一发不可收拾，陆续带着家人来吃，我们全家都喜欢。\\n\\n肉夹馍每次必点，肉的味道和分量都没得说。他家的面，泡沫味道我都不错，上菜速度挺快的，除了烤肉。当然烤肉的时间一般是比较长的，羊肉串是我的最爱是，他家有10和12两种价位的羊肉串，还有16的羊排和16的杨柳枝，根据我的经验，性价比最高是羊排和12的大串,10块的肥肉和筋太多，杨柳枝不正宗，枝子用了不只一次了。蒜烤得有点过，可以改进一下。鸡翅还挺受小朋友欢迎的。吃肉吃的多了还可以点个凉菜再来杯沙棘汁。",4.0,dev,,neutral,positive,,positive,service:neutral; price:positive; food:positive,regression_positive
4606,五大道里难得的平民小餐馆，就在疙瘩楼对面，旁边是热闹的烤肉店和煎饼果子铺子。店面不大，只有六七张四人方桌，不过很整齐干净，给人感觉比较简单亲近。\\n主打驴肉菜品，砂锅驴肉，葱烧驴肉驴杂什么的，价格不算高但分量是十足的，不过还是觉得有点儿油了。\\n驴肉火烧是7元一个，长条型的那种，不知道是不是都是吃得冷的，个人还是比较想要吃上热乎的饼子和驴肉。\\n其它菜都很实惠，基本都是十来块一份，随便点，很良心。从早上九点多一直开到晚上十来点。,5.0,train,neutral,,positive,positive,positive,location:neutral; price:positive; environment:positive; food:positive,regression_positive
24229,挺有特色的一家店，店里很多地方的设计都充满心意，诙谐幽默，价格也是超实惠的！感觉大骨棒太实惠了好吗！5.9一个味道也是好的没的说！米饭神马的自己去盛，可以随便添，我觉得比较适合大胃王哈，米饭旁边放了很多小零食，有小柿子瓜子和爆米花，都是随便吃，自己拿小碗盛就好，刚进店还能看到店员在做豆腐皮，特别和谐哈哈哈，吃完饭还有人做回访，问问菜的味道怎么样，人挺幽默的，菜的味道感觉略欠点儿口味儿，这么好玩的店配上一个超赞的大厨的话就无敌了！,5.0,train,,,positive,positive,neutral,price:positive; environment:positive; food:neutral,regression_positive
29932,点了甜水面、豌豆凉粉和黄凉粉，淡季的中午，人不多，阴冷，凉粉真是凉的吃不下去，，，，好多本地大妈来单点一碗凉粉，不知道她们身体怎么吃的消，，凉粉味道差别不大，豌豆凉粉略好吃，甜水面像是烫面做的粗条，吃着不辣，，，，要说的是打包的话多收5毛钱打包费，前台会给你一个打包小纸碗，不过去窗口说面和酱料分开装时，大姐却非常不乐意的说了些听不懂的，还是旁边另一个服务员给装的酱包，这种态度在北方真是很少见，毕竟打包还收钱，，，量少，想吃饱应该是三份，所以可多点些小吃尝下，味道不会很惊艳，一路下来感觉每家都差不多，，没什么服务可言，对本地人蛮热情，外地就只是用来赚钱啦，，桌子摆了一堆东西都懒得收,4.0,train,,negative,,,negative,service:negative; food:negative,regression_negative
40814,"開店推出的一桌送一鴨，所以去試試看，誰知道⋯第一次碰這樣誇張的服務！第1:打的廣告送一隻鴨，其實只送鴨外面那層皮肉，裡面的全部沒有，要額外收費！！！""廣告不實"" 。第2:菜單本居然只有一本，光點菜就等大半天，口頭點菜還不行，說在忙⋯其他還有服務員在聊天。第3:結帳時沒点的菜硬要收錢，服務員還說有送，傻眼！請調你們的攝影機出來看！第4:打包要帶走的菜居然直接拿去丟掉、問了服務員沒人知道，最後主管來說服務員丟了！問主管該怎麼處理，她說沒辦法⋯不好意思。 真的是無語了！服務有待加強，包含主管也是！",1.0,train,,negative,,,,service:negative,regression_negative
28901,每次去比格都很奇怪，貌似人不是很多，却是外面好多的排队。孩子上完课后。和朋友一起去的，还好排队时间不算太长，大约半个小时吧，被安排在一个角落里。先来说说他们环境吧。因为来过n次了，不算好也谈不上坏，环境一般般吧。这次发现他们地面好滑，觉得粘呼呼的。不知道那么多工作人员走来走去能否感觉到？再说食品，我们12.50左右进去的，应该是午餐最旺盛的时刻吧，我想喝点银耳汤却始终没有喝到，不是人太多喝不到啊，而是等了好久都没有，说实话，如果不是孩子们要去，个人不会首选！,4.0,train,,negative,,negative,,service:negative; environment:negative,regression_negative
14662,国庆黄金周前朋友聚餐 团了券带上老婆孩子 由于孩子身高还不足一米 免费 酒店比较贴心给准备了儿童餐椅和整套儿童餐具 赞一个 娃爱吃虾 蒸蛋 小蛋糕 后来还下了碗面条 餐厅的各类美食还是比较丰富的 有刺身 有碳烤 有中餐 有铁板 老婆爱吃三文鱼 比较过瘾 如果有我爱吃的北极贝就更好了 烤小黄鱼盐加多了 超咸…… 碳烤生蚝和扇贝爱吃 搞了几轮 不错的 小龙虾由于已经下市 个头小不好吃了 其他各种肉类还是蛮对口的 就是感觉自助餐还是中午吃好 晚上吃得花好长时间消化啊……,5.0,train,,positive,neutral,,negative,service:positive; price:neutral; food:negative,regression_mixed
26218,最爱的就是匠子的盐水毛豆蘸芥末 特别好吃 或许是因为我比较喜欢芥末的味道吧 所以我觉得超级棒 每次来吃烤鱼都是心里特别激动特别想念的时候就第一时间冲过来排位等叫号 就算辛苦也觉得值得 只要能吃到就很开心了 只不过昨天去吃的时候 可能烤鱼师傅今天心情太好了 放了的配料好像有点重 吃过之后回来一直狂喝水 但是配饭吃就棒棒哒 千叶豆腐的好吃程度和毛豆有的一拼 总而言之 为这个人多排位等很久但是吃的很开心的地方点赞 p.s 重点是还在放疯狂外星人 开心～,5.0,test,,negative,,,positive,service:negative; food:positive,regression_mixed
24464,據我了解，大舜是家有名的火鍋店，不過這是我來了以後才聽說的，這地方交通不便，我只能打車來，公車不會搭，要在下沒事過來吃火鍋，不用錢都還要考慮考慮，但嚐過以後，味道的確不錯\\n　\\n友人作東，我就出一張嘴，再加上按快門，據了解是團購了份四人套餐，有需要再加點，反正我是吃得很飽，中午一頓火鍋頂到隔天，晚餐都沒吃也沒事ㄦ。好處是一人一鍋，雖然少了些熱鬧感，但對有潔癖的人很有幫助，像咱們幾個台灣同志，基本不接受吃別人口水這檔事，自己掌控自己的鍋，好使\\n　\\n平心而論，要請客吃火鍋大舜的確不錯，有機會吃吃旁邊的大舜烤肉（有人載的話）,4.0,train,negative,,neutral,,positive,location:negative; price:neutral; food:positive,regression_mixed
14151,因为工作有合作，记不清来他家吃过多少次了，同事的婚宴还是在他家办的。优点有：环境好，地方大，几乎从没见过坐不下的时候，装修还不错，菜品味道也还可以，价格适中；缺点就是位置偏僻，基本上只有附件的人光顾，有时候上菜比较慢，服务态度只能算正常吧。印象最深味道好的菜有杏仁海皇卷、上汤蔬菜（一锅蔬菜但是要100多元，主要是高汤的味道），红烧肉等等。门口有停车场，几乎随便停。对面的万科森林公园人气起来以后，生意可能会更好些。,4.0,train,negative,mixed,negative,positive,positive,location:negative; service:mixed; price:negative; environment:positive; food:positive,regression_service_environment
15058,在南京早餐不吃鸭血粉丝汤貌似很不对，但走过这家店的时候看着挺干净，于是两个懒人懒癌一发作就不高兴再步行800米去吃本地名小吃了\\n\\n早上去的早，店里就我们一桌，服务员都在忙着打扫为中午做准备，想要为中午留点胃口两人点了一份面，事实证明很明智，这里的面大碗量足的，两个女生一碗早饭足够\\n\\n吃的是招牌酸汤肥牛面，料挺多，面的口感很独特，有点介于机压面和方便面的那种口感，肥牛就是超市里速冻里卖的那种，火锅店里也很常见，口感一般般吧，配料蔬菜什么种类倒是挺多，一碗有荤有素营养很全面了\\n,3.0,train,,negative,,positive,positive,service:negative; environment:positive; food:positive,regression_service_environment
28215,来西双版纳三天，吃的第一顿傣家菜，在大众点评搜的，排名第一的店，按着地址就来了，门面小小的，上了二楼坐了靠窗的位置，等菜的空挡还能看看外面的风景。点了柠檬凉粉，柠檬烤鱼，包烧豆腐，炸青苔，菠萝饭和柠檬汁。柠檬凉粉有点像陕西的搅团，外地人应该听不懂的。柠檬烤鱼不沾柠檬酱，只吃鱼本身的味道就很好吃，鱼肉也特别嫩，非常好吃。包烧豆腐里面有肉末和菜，虽然吃不出来是什么只是觉得特别好吃。炸青苔有点像海苔的味道，也是不错的。菠萝饭真的是吃到的最好吃的菠萝饭了，比西安很多餐馆卖的都好吃，主要是当地的菠萝好吃，一会就要去买一个菠萝吃。柠檬汁是看了评价点的，真的太好喝了。最后整个饭的价钱也是不贵的，我跟妈妈特别满意。,5.0,train,,,positive,negative,positive,price:positive; environment:negative; food:positive,regression_service_environment
38509,这家店是中午11点钟才开始吃饭的，然后星期日去的，人还是蛮多的，俄生意非常好，东西也非常多，有，嗯，猪耳朵。还有猪爪子汤，还有红酒，还有啤酒，喝了很多红酒，吃了很多，嗯，这些。吃了很多鸡米花还有薯条，然后味道非常棒，蔬菜种类也非常多，但是的话价格50还可以，嗯跟多伦多差不多，就是没有牛排，其他还是蛮好的，饮料品种不是特别多，如果多一点你能听懂那就更好了，总之生意非常棒，希望商家多搞，团购活动，30块钱能吃到这样的这个自助餐这样做已经算非常不错的人，只可惜活动只到9月2号截止。但是以后还会去的，3家棒棒哒。,5.0,dev,,,positive,,positive,price:positive; food:positive,regression_price_location
31623,看到我有好多的积分呀，加在一起居然可以顶十元钱用，于是我便在大众点评网上用积分又团了一份国梁烤鸡，居然只花了9元钱就可以买到20元的食品，实在是太划算了，相当于打了五折，到了店内，服务员并没有因为我买的便宜就给我拿昨天剩下的或是不好的食品，而是都一视同仁的给我拿的日常卖的新鲜食品，真的是太棒了，就是喜欢吃国梁的味道，鸡腿、鸡翅、烤鸡、烤羊腿、炸肉等等，里面的好多食品都是我的最爱，所以，还是会一如既往的支持下去。,5.0,train,,positive,positive,,positive,service:positive; price:positive; food:positive,regression_price_location
4839,京味斋就在我们班车站旁边，今天下了班车我就先过去，老公带着老妈从家开车过去，还不到六点，所以还有停车位，听说京味斋只有七八个免费停车位。服务员态度热情，因为挨着后厨，老妈觉得有点呛，我们提出来马上帮我们换了个座位，上菜的速度也很快，大师傅就在旁边片烤鸭，最后把鸭架子打包放在客人旁边，不像很多餐馆从后厨拿来的鸭架子都不知道放了几天的了。宫保鸡丁和溜肝尖也是我的最爱，溜肝尖做的没有猪肝的腥味，炒的很嫩，很滑。口蘑芦笋也味道适宜。我们边吃边欣赏两个青年演奏家的民乐合奏，乐器挺悠扬的，很是享受。如果有电梯就好了，老人腿脚不方便的上下楼梯很困难。,5.0,train,neutral,positive,,,positive,location:neutral; service:positive; food:positive,regression_price_location
